Team,P,W,D,L,GF,GA,GD,Pts
Manchester City,11,8,2,1,22,7,15,26
Liverpool,12,7,2,3,22,14,8,23
Chelsea,11,5,4,2,21,11,10,19
Manchester United,12,5,3,4,25,18,7,18
Tottenham,12,5,3,4,17,13,4,18
West Ham,11,5,3,3,16,14,2,18
Aston Villa,10,5,1,4,19,14,5,16
Southampton,11,5,1,5,15,13,2,16
Leicester,11,5,1,5,16,15,1,16
Wolverhampton Wanderers,12,4,4,4,14,14,0,16
Arsenal,11,4,3,4,12,11,1,15
Crystal Palace,11,4,3,4,14,18,-4,15
Everton,10,4,2,4,16,15,1,14
Leeds,11,4,2,5,16,16,0,14
Burnley,11,4,2,5,9,13,-4,14
Newcastle United,12,4,2,6,15,21,-6,14
Brighton,11,1,6,4,11,15,-4,9
Sheffield United,12,2,1,9,9,18,-9,7
Fulham,12,1,4,7,7,17,-10,7
West Bromwich Albion,11,1,3,7,7,31,-24,6
