Team,P,W,D,L,GF,GA,GD,Pts
Chelsea,19,15,3,1,37,9,28,48
Arsenal,19,12,3,4,33,17,16,39
Manchester United,19,10,5,4,27,14,13,35
Bolton,19,7,5,7,24,26,-2,26
Everton,19,6,5,8,21,31,-10,23
Manchester City,19,5,7,7,23,25,-2,22
Middlesbrough,19,5,7,7,24,27,-3,22
Tottenham,19,5,5,9,11,19,-8,20
Blackburn,19,4,7,8,11,21,-10,19
Liverpool,19,5,3,11,21,26,-5,18
Charlton,19,4,6,9,13,29,-16,18
Aston Villa,19,4,5,10,19,35,-16,17
Newcastle United,19,3,7,9,22,32,-10,16
Fulham,19,4,4,11,23,34,-11,16
Birmingham,19,3,6,10,16,31,-15,15
West Bromwich Albion,19,1,8,10,19,37,-18,11
Portsmouth,19,2,5,12,13,33,-20,11
Crystal Palace,19,1,7,11,20,43,-23,10
Southampton,19,1,5,13,15,36,-21,8
Norwich,19,0,7,12,13,45,-32,7
