Team,P,W,D,L,GF,GA,GD,Pts
Chelsea,19,14,5,0,35,6,29,47
Arsenal,19,13,5,1,54,19,35,44
Manchester United,19,12,6,1,31,12,19,42
Liverpool,19,12,4,3,31,15,16,40
Everton,19,12,2,5,24,15,9,38
Middlesbrough,19,9,6,4,29,19,10,33
Tottenham,19,9,5,5,36,22,14,32
Bolton,19,9,5,5,25,18,7,32
Manchester City,19,8,6,5,24,14,10,30
Aston Villa,19,8,6,5,26,17,9,30
Birmingham,19,8,6,5,24,15,9,30
Portsmouth,19,8,4,7,30,26,4,28
Fulham,19,8,4,7,29,26,3,28
Charlton,19,8,4,7,29,29,0,28
Newcastle United,19,7,7,5,25,25,0,28
Norwich,19,7,5,7,29,32,-3,26
Southampton,19,5,9,5,30,30,0,24
Crystal Palace,19,6,5,8,21,19,2,23
Blackburn,19,5,8,6,21,22,-1,23
West Bromwich Albion,19,5,8,6,17,24,-7,23
