Team,P,W,D,L,GF,GA,GD,Pts
Manchester United,19,15,4,0,59,16,43,49
Arsenal,19,14,3,2,42,17,25,45
Chelsea,19,12,5,2,35,12,23,41
Leeds,19,12,2,5,29,18,11,38
West Ham,19,11,5,3,32,23,9,38
Coventry,19,12,1,6,38,22,16,37
Liverpool,19,11,4,4,28,13,15,37
Sunderland,19,10,6,3,28,17,11,36
Newcastle United,19,10,5,4,42,20,22,35
Tottenham,19,10,3,6,40,26,14,33
Leicester,19,10,3,6,31,24,7,33
Aston Villa,19,8,8,3,23,12,11,32
Everton,19,7,9,3,36,21,15,30
Middlesbrough,19,8,5,6,23,26,-3,29
Southampton,19,8,4,7,26,22,4,28
Bradford,19,6,8,5,26,29,-3,26
Milton Keynes Dons,19,6,7,6,30,28,2,25
Sheffield Wednesday,19,6,3,10,21,23,-2,21
Derby,19,6,3,10,22,25,-3,21
Watford,19,5,4,10,24,31,-7,19
