Team,P,W,D,L,GF,GA,GD,Pts
Manchester United,19,12,3,4,35,26,9,39
Chelsea,19,11,3,5,25,13,12,36
Liverpool,19,10,4,5,25,17,8,34
Wigan,19,8,3,8,21,26,-5,27
West Ham,19,7,4,8,22,30,-8,25
Tottenham,19,6,6,7,22,22,0,24
Arsenal,19,6,4,9,20,18,2,22
Everton,19,6,4,9,12,27,-15,22
Blackburn,19,6,3,10,20,25,-5,21
Newcastle United,19,6,2,11,19,27,-8,20
Middlesbrough,19,5,4,10,20,28,-8,19
Charlton,19,5,4,10,19,34,-15,19
Bolton,19,4,6,9,20,28,-8,18
Aston Villa,19,4,6,9,22,35,-13,18
Portsmouth,19,5,1,13,20,38,-18,16
Manchester City,19,4,2,13,17,28,-11,14
Birmingham,19,2,5,12,9,30,-21,11
West Bromwich Albion,19,1,7,11,10,34,-24,10
Sunderland,19,2,2,15,14,32,-18,8
Fulham,19,1,4,14,17,37,-20,7
