Team,P,W,D,L,GF,GA,GD,Pts
Arsenal,19,15,4,0,40,14,26,49
Manchester United,19,12,4,3,37,15,22,40
Chelsea,19,12,4,3,34,13,21,40
Newcastle United,19,11,5,3,33,14,19,38
Portsmouth,19,10,4,5,35,19,16,34
Liverpool,19,10,4,5,29,15,14,34
Aston Villa,19,9,6,4,24,19,5,33
Fulham,19,9,4,6,29,21,8,31
Tottenham,19,9,4,6,33,27,6,31
Southampton,19,8,6,5,24,17,7,30
Everton,19,8,5,6,27,20,7,29
Birmingham,19,8,5,6,26,24,2,29
Middlesbrough,19,8,4,7,25,23,2,28
Charlton,19,7,6,6,29,29,0,27
Bolton,19,6,8,5,24,21,3,26
Wolverhampton Wanderers,19,7,5,7,23,35,-12,26
Manchester City,19,5,9,5,31,24,7,24
Leeds,19,5,7,7,25,31,-6,22
Blackburn,19,5,4,10,25,31,-6,19
Leicester,19,3,10,6,19,28,-9,19
