Team,P,W,D,L,GF,GA,GD,Pts
Manchester United,19,9,6,4,32,22,10,33
Arsenal,19,8,7,4,38,22,16,31
Liverpool,19,9,2,8,31,25,6,29
Chelsea,19,7,5,7,27,23,4,26
Blackburn,19,7,5,7,28,28,0,26
Leeds,19,7,2,10,33,31,2,23
Newcastle United,19,6,4,9,27,31,-4,22
Charlton,19,6,4,9,19,26,-7,22
Manchester City,19,6,4,9,19,28,-9,22
Everton,19,6,3,10,20,30,-10,21
West Ham,19,5,5,9,21,35,-14,20
Birmingham,19,5,4,10,16,26,-10,19
Tottenham,19,5,4,10,21,33,-12,19
Southampton,19,4,5,10,18,30,-12,17
Bolton,19,3,6,10,14,27,-13,15
Middlesbrough,19,3,3,13,12,23,-11,12
Fulham,19,2,6,11,15,32,-17,12
West Bromwich Albion,19,3,3,13,12,31,-19,12
Aston Villa,19,1,7,11,17,33,-16,10
Sunderland,19,1,5,13,10,34,-24,8
