Team,P,W,D,L,GF,GA,GD,Pts
Manchester City,22,15,5,2,43,14,29,50
Manchester United,23,13,6,4,49,30,19,45
Leicester,23,13,4,6,39,25,14,43
Liverpool,23,11,7,5,44,29,15,40
Chelsea,23,11,6,6,38,24,14,39
West Ham,23,11,6,6,34,28,6,39
Everton,21,11,4,6,34,28,6,37
Tottenham,22,10,6,6,36,22,14,36
Aston Villa,21,11,2,8,36,24,12,35
Leeds,22,10,2,10,38,38,0,32
Arsenal,23,9,4,10,27,23,4,31
Southampton,22,8,5,9,29,37,-8,29
Crystal Palace,23,8,5,10,27,39,-12,29
Wolverhampton Wanderers,23,7,6,10,23,31,-8,27
Brighton,23,5,10,8,25,30,-5,25
Newcastle United,23,7,4,12,25,38,-13,25
Burnley,22,6,5,11,14,29,-15,23
Fulham,22,2,9,11,17,31,-14,15
West Bromwich Albion,23,2,6,15,18,54,-36,12
Sheffield United,23,3,2,18,15,37,-22,11
