Team,P,W,D,L,GF,GA,GD,Pts
Leicester,12,8,3,1,23,10,13,27
Manchester United,11,8,3,0,24,12,12,27
Manchester City,11,7,3,1,21,7,14,24
Everton,11,7,2,2,18,13,5,23
West Ham,12,6,3,3,18,14,4,21
Chelsea,12,6,2,4,17,13,4,20
Aston Villa,11,6,1,4,17,10,7,19
Tottenham,10,5,3,2,19,9,10,18
Leeds,11,6,0,5,22,22,0,18
Liverpool,11,4,5,2,22,15,7,17
Arsenal,12,5,1,6,15,12,3,16
Brighton,12,4,4,4,14,15,-1,16
Crystal Palace,12,4,2,6,13,21,-8,14
Southampton,11,3,4,4,14,24,-10,13
Newcastle United,11,3,2,6,10,17,-7,11
Wolverhampton Wanderers,11,3,2,6,9,17,-8,11
Burnley,11,2,3,6,5,16,-11,9
Fulham,10,1,5,4,10,14,-4,8
West Bromwich Albion,12,1,3,8,11,23,-12,6
Sheffield United,11,1,1,9,6,19,-13,4
